episode,step,reward,episode_steps
1,16,11.863869702801772,16
2,29,9.370485588514489,13
3,41,8.673470321535905,12
4,67,6.226552525813576,26
5,80,9.219608285019998,13
6,97,15.072677845206245,17
7,109,7.598911946039781,12
8,132,21.161714377803037,23
9,160,6.158232958949001,28
10,192,19.31174341638811,32
11,203,8.426789157302977,11
12,216,7.946575145614509,13
13,231,9.735964246705802,15
14,240,5.9064063167606875,9
15,250,6.799032331562822,10
16,264,10.46907161527101,14
17,274,3.7523276962147443,10
18,283,5.496644842921971,9
19,295,7.1002817262994,12
20,306,8.380714148972139,11
21,319,9.005210396785497,13
22,330,6.866011441814031,11
23,340,6.697081329659334,10
24,369,14.724246565955363,29
25,383,10.099824587975581,14
26,403,10.259608237686765,20
27,412,4.161354236231236,9
28,421,4.918506276600786,9
29,432,8.494573679903302,11
30,444,9.08966674132914,12
31,458,10.895402226994376,14
32,476,13.707314027515565,18
33,486,5.956783460985566,10
34,495,5.072782486878374,9
35,506,8.091263213942922,11
36,521,11.83624047621569,15
37,533,6.246675872922265,12
38,543,6.847254082648531,10
39,562,7.933987490352668,19
40,574,9.121930848224507,12
41,585,6.157446522083474,11
42,595,7.0403643570291505,10
43,604,5.052480317922794,9
44,619,7.156178952803401,15
45,628,2.821174445618545,9
46,638,7.040033376633354,10
47,659,20.642741454977976,21
48,669,4.595254759321973,10
49,679,7.2014451927581415,10
50,693,9.868552310866024,14
51,704,8.183676390567525,11
52,720,9.53478856682512,16
53,739,20.12529018319016,19
54,750,8.076667987819846,11
55,761,4.969020329378785,11
56,773,4.885805217690112,12
57,782,5.556194772504334,9
58,805,10.304709942486603,23
59,816,8.383775036129368,11
60,827,4.3589718820502235,11
61,839,7.431008555834174,12
62,848,5.765121659304473,9
63,866,8.15403014048428,18
64,885,11.039215506536676,19
65,895,5.572162432597869,10
66,905,6.731050481568512,10
67,921,13.525600600299535,16
68,934,8.697686424607047,13
69,942,4.379367987338405,8
70,959,13.523312812662834,17
71,969,6.642244104816734,10
72,987,8.669901694878781,18
73,999,9.509135971655937,12
74,1010,7.242641257753924,11
75,1028,18.0755049763703,18
76,1037,5.043475975983,9
77,1048,7.469820845766568,11
78,1072,12.005397377832322,24
79,1089,15.260231022412558,17
80,1098,6.093420678229217,9
81,1113,12.95201042322399,15
82,1124,7.030135751112169,11
83,1134,7.170395530491513,10
84,1143,5.772579094185107,9
85,1157,12.027566062582894,14
86,1171,7.3247432497562635,14
87,1180,5.587229199981155,9
88,1191,8.039199478695553,11
89,1206,7.022634466428745,15
90,1215,5.90531708824952,9
91,1226,7.517687340546645,11
92,1255,19.16175226720929,29
93,1270,10.606211222717242,15
94,1286,10.001047244220114,16
95,1309,19.71302510650463,23
96,1319,4.9346147229552635,10
97,1330,8.183929350283286,11
98,1357,2.094347325123799,27
99,1374,14.050602715736035,17
100,1391,13.06091157281632,17
101,1411,4.557922174253301,20
102,1442,19.211908284401765,31
103,1457,11.64518919522028,15
104,1479,12.815316443937464,22
105,1555,55.85736734224905,76
106,1591,16.578659006341518,36
107,1611,1.061591866620824,20
108,1620,5.956251967735798,9
109,1636,13.901274592790871,16
110,1647,8.087092768916754,11
111,1664,11.325820674656054,17
112,1674,6.05382457921046,10
113,1686,8.950807083256203,12
114,1694,4.6975590399237,8
115,1705,7.170981081064766,11
116,1730,18.497150920647805,25
117,1751,21.431054700588472,21
118,1766,11.020022301175272,15
119,1776,5.396064721770066,10
120,1785,5.9866173987070335,9
121,1795,6.577253704374036,10
122,1807,6.095462893045686,12
123,1820,9.568606051581941,13
124,1844,20.69125259316125,24
125,1855,8.317060294620637,11
126,1866,6.922644565839974,11
127,1880,8.798493212168898,14
128,1894,10.41240801846884,14
129,1903,4.590501489961397,9
130,1937,7.038271643753832,34
131,1945,3.811113104173156,8
132,1970,14.02246623009551,25
133,1984,12.045284761038076,14
134,1998,9.717818765657963,14
135,2009,7.0654388696807375,11
136,2019,7.070374058827954,10
137,2030,1.3429612849882824,11
138,2041,7.56886633073044,11
139,2061,15.030712624694045,20
140,2069,4.420478586313398,8
141,2107,18.591632403921896,38
142,2118,8.279613194010821,11
143,2130,6.0899667033298845,12
144,2141,7.5464392092519175,11
145,2169,11.781820738605555,28
146,2179,6.743296806424847,10
147,2191,5.668840184320986,12
148,2205,11.852383154048013,14
149,2220,7.88059224096863,15
150,2234,12.766099038743674,14
151,2243,6.214598450861478,9
152,2264,23.428936932737468,21
153,2277,10.019880368054555,13
154,2291,7.594824722600364,14
155,2307,11.947242746144317,16
156,2324,11.927429253178705,17
157,2362,25.572265143275374,38
158,2372,6.926496572562992,10
159,2386,7.345662813426342,14
160,2397,4.829032942363239,11
161,2418,3.5710695114523308,21
162,2430,8.635128283405571,12
163,2447,14.355267323432027,17
164,2458,7.932384385846614,11
165,2477,14.134921437981234,19
166,2505,10.225235699610122,28
167,2521,11.865132080097382,16
168,2535,10.045863024111908,14
169,2551,11.25642810699784,16
170,2563,9.111529258114986,12
171,2582,19.647189037658087,19
172,2608,4.884215198989286,26
173,2619,9.089806744013394,11
174,2633,7.928192231218171,14
175,2641,4.3519991663782,8
176,2665,16.287265045767978,24
177,2686,12.97444807726065,21
178,2697,6.176838641813571,11
179,2711,11.632859596233082,14
180,2745,21.148932174941255,34
181,2776,12.513029887925564,31
182,2809,4.780608421418853,33
183,2823,9.31709131312501,14
184,2834,7.497635397364169,11
185,2848,11.099448699236252,14
186,2858,6.767712759179515,10
187,2875,15.775013691451527,17
188,2888,10.20494702108698,13
189,2900,7.647609269201343,12
190,2914,8.672898912280843,14
191,2926,9.725179939485844,12
192,2942,10.476833850204903,16
193,2957,8.217224332131726,15
194,2993,8.224075094913351,36
195,3008,12.760929452005552,15
196,3037,27.192458436636695,29
197,3063,29.6168994646758,26
198,3076,10.218711992447089,13
199,3085,3.042646138522339,9
200,3096,7.566613202582625,11
201,3108,7.132176505002177,12
202,3122,11.730862571187702,14
203,3144,10.882751565515273,22
204,3163,13.500516904364126,19
205,3175,7.062088291866793,12
206,3196,4.117773194788548,21
207,3223,26.20899201826685,27
208,3233,7.131002255146276,10
209,3260,16.255210127922105,27
210,3276,13.828413029787962,16
211,3294,16.792732521822057,18
212,3310,13.610117086929925,16
213,3323,8.075633314108327,13
214,3338,11.943489311945555,15
215,3357,11.233745330301906,19
216,3375,18.239719039601265,18
217,3386,8.000474787033928,11
218,3396,7.391004041005372,10
219,3433,9.732764680781479,37
220,3446,6.923519251885772,13
221,3473,28.950617300932176,27
222,3486,7.105595085809213,13
223,3496,7.260955690735771,10
224,3520,3.5033676690115056,24
225,3532,10.431937399122138,12
226,3544,6.560830808423575,12
227,3571,29.735737004158867,27
228,3599,5.560053407228415,28
229,3634,16.09137507357906,35
230,3647,10.422250175413726,13
231,3658,6.930295389392947,11
232,3668,5.545384707929403,10
233,3681,10.304503062194886,13
234,3720,13.15731563446684,39
235,3735,12.991082622053574,15
236,3752,11.076909808596595,17
237,3760,4.468894495779748,8
238,3769,6.43623863914762,9
239,3792,21.59479879521826,23
240,3803,7.442897736005234,11
241,3815,7.662550236805629,12
242,3847,13.847477286109465,32
243,3881,30.037285831541272,34
244,3894,10.23362260576047,13
245,3918,14.901170630368885,24
246,3929,8.38061049260415,11
247,3945,5.149233413447965,16
248,3974,26.031086216656824,29
249,3989,13.616178946053557,15
250,4005,6.6364270706472475,16
251,4017,9.60813236680204,12
252,4025,3.8506457190293863,8
253,4036,8.0173944896171,11
254,4048,6.220522179565144,12
255,4059,8.517291551483403,11
256,4067,4.737493901508505,8
257,4081,9.58523568357789,14
258,4099,16.394535370315403,18
259,4131,10.393550021034956,32
260,4148,10.504580218542916,17
261,4214,63.7302833800812,66
262,4238,21.816298876251032,24
263,4252,12.666209762859253,14
264,4269,12.367738035679729,17
265,4292,21.47734993502828,23
266,4306,6.197292461208034,14
267,4344,49.58813033264594,38
268,4362,15.736393557752463,18
269,4390,33.3081588911694,28
270,4429,60.882439162365756,39
271,4445,10.963488785313228,16
272,4478,46.350367896151496,33
273,4491,9.780628388850015,13
274,4510,17.84576738855431,19
275,4547,31.552477996906454,37
276,4562,10.436278917992915,15
277,4573,8.881329031577627,11
278,4614,40.5721526449452,41
279,4644,27.224778486816387,30
280,4663,15.06326462366367,19
281,4724,105.49132121006548,61
282,4735,7.743086106909485,11
283,4768,23.574650882027,33
284,4800,26.51276184780441,32
285,4828,18.037905621759602,28
286,4899,93.28870321327646,71
287,4915,15.745644694402113,16
288,4925,6.904050617904115,10
289,4944,5.3246231072556505,19
290,4973,29.63158761839798,29
291,4988,12.407886077154735,15
292,5001,9.646194979561244,13
293,5026,18.347035535652328,25
294,5054,23.54965493638866,28
295,5073,19.224009042363743,19
296,5084,8.144805618933962,11
297,5123,25.098315644104392,39
298,5164,27.57002392641485,41
299,5181,17.042269366580523,17
300,5203,24.237269944865254,22
301,5253,63.51899997694365,50
302,5279,13.66366041315382,26
303,5299,16.592645760062013,20
304,5316,15.894888314537193,17
305,5326,7.165176869227969,10
306,5340,11.631129534941165,14
307,5358,10.135150187283104,18
308,5372,12.567093857150851,14
309,5405,37.17570438566107,33
310,5432,21.35531838503938,27
311,5444,9.151516401985804,12
312,5454,5.518368004920104,10
313,5485,40.51859192670978,31
314,5531,57.39138098786054,46
315,5546,12.071536290062427,15
316,5572,24.701851875667632,26
317,5584,8.587450005826764,12
318,5594,6.320570416631256,10
319,5608,12.537125240811715,14
320,5618,5.9232101161279775,10
321,5645,16.483500201160414,27
322,5657,9.504537392677106,12
323,5673,9.111162508497381,16
324,5777,101.93682902683078,104
325,5832,47.77139910055444,55
326,5846,10.767135827194165,14
327,5876,31.35139892884853,30
328,5910,42.207225489118066,34
329,5929,20.957891051729025,19
330,5960,36.46608746101716,31
331,6025,115.20929103054792,65
332,6048,13.002245547049707,23
333,6073,26.69575437565167,25
334,6112,44.41236940829958,39
335,6124,7.703115579593299,12
336,6143,17.16123978480983,19
337,6186,43.64351204190585,43
338,6209,7.011895479957452,23
339,6225,15.689125356865658,16
340,6256,35.89169958744993,31
341,6274,16.360977593751645,18
342,6315,26.75437686577959,41
343,6331,12.889571509804474,16
344,6348,16.069497152430966,17
345,6359,8.31479357213176,11
346,6373,11.689523832503635,14
347,6434,99.33261864456189,61
348,6460,28.883051997978047,26
349,6506,72.16938091519924,46
350,6534,28.397544792506864,28
351,6549,14.039179032557687,15
352,6559,6.338551794807004,10
353,6618,104.10870849597883,59
354,6660,36.34024298488574,42
355,6726,92.59558902525536,66
356,6756,12.517787012409956,30
357,6776,3.3925565194175125,20
358,6846,67.02295174764579,70
359,6929,174.97624784265446,83
360,6943,9.012615018298202,14
361,6995,70.90030382592516,52
362,7014,14.21549115470492,19
363,7072,93.21684396783876,58
364,7114,42.507354077854586,42
365,7136,16.868835312362776,22
366,7157,14.761004629560484,21
367,7166,6.372128279457768,9
368,7177,8.118749023799241,11
369,7198,17.80312145822952,21
370,7228,36.8926914587543,30
371,7239,8.13099400810349,11
372,7331,136.80424932654265,92
373,7354,24.85671300930063,23
374,7372,16.463234278907294,18
375,7444,142.3600650548015,72
376,7459,13.361935321535194,15
377,7482,25.30801952728343,23
378,7492,6.455468670961054,10
379,7502,6.810964547214873,10
380,7530,27.015051461319562,28
381,7542,8.467096400241651,12
382,7612,101.9147118968143,70
383,7715,221.71092858779474,103
384,7724,6.442901694666209,9
385,7741,17.143771637439883,17
386,7771,28.351708844291245,30
387,7855,69.32527106207523,84
388,7873,17.638164856073793,18
389,7887,8.657116063145105,14
390,7898,8.317555900076986,11
391,7972,86.415061183811,74
392,8006,21.049210604234467,34
393,8027,11.625921762053885,21
394,8080,79.93564134582698,53
395,8094,10.86077746952725,14
396,8112,16.16236795471184,18
397,8140,33.52489980810924,28
398,8163,24.069477571845674,23
399,8234,55.744406240600156,71
400,8282,69.80348483762445,48
401,8314,20.980684701177925,32
402,8332,19.11181432955224,18
403,8390,98.52650744408268,58
404,8450,79.68739136704673,60
405,8558,231.87333497481487,108
406,8623,111.21345024231243,65
407,8637,5.7099850614639935,14
408,8702,113.86662986073777,65
409,8719,14.778503554848823,17
410,8832,177.25578040306974,113
411,8851,10.357253732163608,19
412,8923,140.6866824035837,72
413,8963,34.021294076802974,40
414,9021,104.80114308495813,58
415,9078,101.36407610771296,57
416,9095,11.60900871177335,17
417,9115,20.03765640047933,20
418,9128,10.507597691496043,13
419,9175,50.739061036344154,47
420,9188,10.016454342690103,13
421,9241,21.33584426382786,53
422,9262,22.16106803872585,21
423,9290,32.8192827220012,28
424,9350,92.9564637980905,60
425,9381,38.50076956527534,31
426,9397,11.947311535705358,16
427,9414,14.49344013763712,17
428,9474,56.542587347551724,60
429,9558,155.27418472348998,84
430,9597,53.52292390182804,39
431,9652,97.63644733937177,55
432,9670,14.721349246630343,18
433,9750,172.8686647131736,80
434,9778,13.1993161743327,28
435,9789,7.863477119712834,11
436,9854,46.55676407345621,65
437,9919,121.38186933955673,65
438,9988,135.5931110147971,69
439,10037,86.00826177703635,49
440,10073,46.84458097083582,36
441,10112,54.26050033330959,39
442,10158,52.511007306432006,46
443,10188,30.093653160312552,30
444,10253,127.762652091185,65
445,10318,119.83478588668837,65
446,10380,105.12649000649387,62
447,10461,172.09162209394214,81
448,10550,165.3712841927101,89
449,10598,81.50856441159418,48
450,10680,158.77745816835852,82
451,10787,188.42885541982068,107
452,10852,114.32988794304809,65
453,10923,105.88182245455151,71
454,11054,191.23983517310236,131
455,11111,93.65628282894691,57
456,11156,69.47120483340589,45
457,11211,96.50662097240588,55
458,11273,115.52072604007986,62
459,11338,125.38883560229597,65
460,11438,219.58658989982396,100
461,11483,63.86255343793941,45
462,11545,117.17775207196077,62
463,11643,177.39514421581742,98
464,11759,247.46580532752756,116
465,11807,80.984927298593,48
466,11936,161.51167320061148,129
467,11950,12.410466260262064,14
468,12013,84.81569604559725,63
469,12059,69.45785404981775,46
470,12122,120.16774943850209,63
471,12196,120.14973702871757,74
472,12337,266.74378683139656,141
473,12393,90.99841917002291,56
474,12474,166.0844507162199,81
475,12556,173.28656880090213,82
476,12658,226.3588694590442,102
477,12718,101.9328340699086,60
478,12820,221.94952221034507,102
479,12921,190.6271588161892,101
480,13021,178.40413659475382,100
481,13113,188.0863239058831,92
482,13142,33.83362799721556,29
483,13226,168.24441000394933,84
484,13291,120.56563833039394,65
485,13333,58.278194826564935,42
486,13379,75.10656723152108,46
487,13427,80.65181754822208,48
488,13451,25.040943947123854,24
489,13512,112.2154059037247,61
490,13592,168.94388703619887,80
491,13693,216.22989965371198,101
492,13716,25.677708171626925,23
493,13787,134.2676969435955,71
494,13799,9.82655936125131,12
495,13853,92.03220191505407,54
496,13937,116.84940576169951,84
497,14006,136.00736725281826,69
498,14032,31.488664140726737,26
499,14089,100.05547766126095,57
500,14139,87.72213977944725,50
501,14287,244.03963318201798,148
502,14383,201.37262081375619,96
503,14487,215.80691704628373,104
504,14580,209.95612608836876,93
505,14681,224.6687650405151,101
506,14768,190.10764214403025,87
507,14842,147.75375290130123,74
508,14906,114.62851659232466,64
509,14952,77.84504938726276,46
510,15053,221.3255787891953,101
511,15144,202.14849351110772,91
512,15247,231.24372047007049,103
513,15291,63.69568715585462,44
514,15394,220.99698697428687,103
515,15478,172.04998651034916,84
516,15587,242.14576912453387,109
517,15640,95.05278209596791,53
518,15744,232.6855528308381,104
519,15840,198.4710629897661,96
520,15895,97.47690539944216,55
521,15973,163.0735018765493,78
522,16036,114.69074114648727,63
523,16086,86.43797346019615,50
524,16186,225.85168749882104,100
525,16250,118.12302602510466,64
526,16310,109.39036563807227,60
527,16406,165.15413130274734,96
528,16467,114.03093843187301,61
529,16538,140.1235798500261,71
530,16594,94.42655812199263,56
531,16703,235.73615789960726,109
532,16799,216.1156425147717,96
533,16872,145.7722601366424,73
534,16986,237.79491433929527,114
535,17052,124.23245964340165,66
536,17159,230.2107686175735,107
537,17258,224.48979330516238,99
538,17322,118.57362531606599,64
539,17380,103.14326952849038,58
540,17461,167.02083019883423,81
541,17543,174.61645444837487,82
542,17603,106.53054512497494,60
543,17700,217.49606566994166,97
544,17774,148.95032660677367,74
545,17849,152.24592772922554,75
546,17936,183.71070542516847,87
547,18027,195.77550409995013,91
548,18116,193.55216892175838,89
549,18217,222.75448340199372,101
550,18259,69.7576073429223,42
551,18342,172.96531571813844,83
552,18435,185.28769902982071,93
553,18529,210.45721883417804,94
554,18653,245.3137626186693,124
555,18750,219.16740729321552,97
556,18842,205.2465981204988,92
557,18948,230.1702265929586,106
558,19053,232.39071163309617,105
559,19155,226.75004643352057,102
560,19228,141.98598195737074,73
561,19293,121.72258086902738,65
562,19371,157.47888005821787,78
563,19450,159.22610863609893,79
564,19551,225.26665527540305,101
565,19660,230.06665895080118,109
566,19766,230.70296572476474,106
567,19841,149.60409699807653,75
568,19944,226.38288870741852,103
569,20044,223.06287703108904,100
570,20147,227.87922920473375,103
571,20251,231.62638694096364,104
572,20299,81.34475582493404,48
573,20400,228.43908257302365,101
574,20505,231.45787976139326,105
575,20580,145.68177901170256,75
576,20663,177.5296458040838,83
577,20754,197.49097406769357,91
578,20853,221.0202271393193,99
579,20951,186.7483151506255,98
580,21009,94.95446687228537,58
581,21118,236.7365208056664,109
582,21215,216.58040712376217,97
583,21283,131.80204815054665,68
584,21389,223.7203961626542,106
585,21494,235.9072044831782,105
586,21595,224.36062311803155,101
587,21699,228.6076725663298,104
588,21801,227.1322786395437,102
589,21908,234.89526199231778,107
590,22015,232.6667623955174,107
591,22119,229.90494901786005,104
592,22218,220.80806836854453,99
593,22325,232.54572131439684,107
594,22426,223.1801647370001,101
595,22527,218.2904972869148,101
596,22630,231.08549700007637,103
597,22737,231.37207891321802,107
598,22847,232.27057991367428,110
599,22927,161.06060167950687,80
600,23040,238.7215343495076,113
601,23152,238.1905369424517,112
602,23260,230.32525269277528,108
603,23365,229.2463091037572,105
604,23469,227.42723438204206,104
605,23570,228.31054704731596,101
606,23673,227.6181905024216,103
607,23787,234.38872002148432,114
608,23873,167.96094425800322,86
609,23976,225.1877923846382,103
610,24055,157.44415954014056,79
611,24175,241.4768597383676,120
612,24280,232.35065990796596,105
613,24387,227.37189951555413,107
614,24484,219.46281108747337,97
615,24617,255.81836858437134,133
616,24703,167.47574056956273,86
617,24808,233.03556027475497,105
618,24911,224.93771012161397,103
619,25013,224.97353695447805,102
620,25121,231.05239063029964,108
621,25221,225.90218761126468,100
622,25342,245.04618466060708,121
623,25454,231.03953150729006,112
624,25558,228.87863646728297,104
625,25664,232.47461781888939,106
626,25757,152.84318150490097,93
627,25815,94.20151665483662,58
628,25921,226.3142705221886,106
629,26027,232.8516743842981,106
630,26127,225.2981985515958,100
631,26235,234.70088909637033,108
632,26339,228.09730475521434,104
633,26438,224.5366481637473,99
634,26561,252.2435015721658,123
635,26680,260.2132122728317,119
636,26796,241.2666784113599,116
637,26899,223.118370533909,103
638,27006,238.17643060516627,107
639,27110,230.35899469132315,104
640,27212,226.49641357614536,102
641,27312,223.13229967591198,100
642,27414,224.31492841906143,102
643,27516,227.8775143034977,102
644,27629,246.2079186699072,113
645,27730,227.20542068061891,101
646,27839,235.62758752334452,109
647,27949,231.59896011717402,110
648,28052,226.263083408179,103
649,28159,232.8983498276672,107
650,28262,228.80119775382636,103
651,28359,221.94776512075092,97
652,28480,244.08806331294394,121
653,28593,232.44872438165726,113
654,28716,249.31508916295775,123
655,28819,229.27785368619237,103
656,28921,229.6361895946664,102
657,29023,219.46425093388638,102
658,29123,223.436840545139,100
659,29226,227.28394866246347,103
660,29329,227.50782308594478,103
661,29430,223.89053240872414,101
662,29533,229.40875903721863,103
663,29644,228.14409454729483,111
664,29746,228.90033139378642,102
665,29845,218.8370487310225,99
666,29946,226.66625002980868,101
667,30051,231.1268831254776,105
668,30168,240.3591318713074,117
669,30268,224.40549337476267,100
670,30337,134.84553972432522,69
671,30427,196.46165555444097,90
672,30533,231.22134525718798,106
673,30609,151.29368614321345,76
674,30710,222.88801819032415,101
675,30819,233.66607123192938,109
676,30922,226.06497305765717,103
677,31029,235.91848108687148,107
678,31138,233.66540099642864,109
679,31252,237.97955720329261,114
680,31356,229.7431601530214,104
681,31463,234.98372544784087,107
682,31571,230.52055604095693,108
683,31681,236.34254213511073,110
684,31790,233.11557043860566,109
685,31902,240.67671875821372,112
686,32007,231.36327690810162,105
687,32130,254.00938696781844,123
688,32244,239.0247947836093,114
689,32313,130.01009721324118,69
690,32414,224.79238575892816,101
691,32526,238.07726664981024,112
692,32620,200.99963967725952,94
693,32719,222.16041346701022,99
694,32823,226.6376843119571,104
695,32931,236.20225180828783,108
696,33045,236.90181444368304,114
697,33158,238.47054829475687,113
698,33270,240.9872896472774,112
699,33372,226.23109866877172,102
700,33481,240.21889690685785,109
701,33579,218.55731906166335,98
702,33685,233.4407461012737,106
703,33804,262.92735742600814,119
704,33912,245.55856584754312,108
705,34021,238.38741144476057,109
706,34125,223.47822469575758,104
707,34229,228.44367666069633,104
708,34340,236.60626490997345,111
709,34447,236.0249713274013,107
710,34554,235.82878655244843,107
711,34658,233.11604130575301,104
712,34766,237.1293181227923,108
713,34874,250.39310748752607,108
714,34980,232.33276123021562,106
715,35103,249.54504345572616,123
716,35235,256.9584473869321,132
717,35358,277.2145194046732,123
718,35466,233.04946332584035,108
719,35579,251.9981260416286,113
720,35708,255.77265583595036,129
721,35817,235.97927114111525,109
722,35903,177.14236552051045,86
723,36028,254.67233779362175,125
724,36144,243.23334110858758,116
725,36256,239.40565434112597,112
726,36365,234.10988232733038,109
727,36535,340.07525856443806,170
728,36649,248.84086590969795,114
729,36759,234.5207646944681,110
730,36877,244.90941165174806,118
731,37000,234.8841613022676,123
732,37114,247.69259903410332,114
733,37218,233.02649712603395,104
734,37324,231.0124429209114,106
735,37432,239.24374497252404,108
736,37541,236.89389510606802,109
737,37667,234.5292159232804,126
738,37796,256.92068556299165,129
739,37927,253.0170761526718,131
740,38041,247.6296399173252,114
741,38145,231.6947560073283,104
742,38255,237.75494244320245,110
743,38371,258.14064334666375,116
744,38488,241.57280069436788,117
745,38595,234.17112245750215,107
746,38708,259.28795407605446,113
747,38816,240.76518115832323,108
748,38919,228.60321814676888,103
749,39032,243.9346390150173,113
750,39162,270.88438473398753,130
751,39285,284.66729956704523,123
752,39393,234.9257548432942,108
753,39496,225.88539292421098,103
754,39600,236.5775884676022,104
755,39721,254.2270380693892,121
756,39830,235.79008622151105,109
757,39945,254.32111207588653,115
758,40061,241.98377765144375,116
759,40167,227.10999781836261,106
760,40295,299.50858817114374,128
761,40405,235.79581631347293,110
762,40487,160.11252847910865,82
763,40592,231.51937797562388,105
764,40736,280.5268563362043,144
765,40846,243.16972862240692,110
766,40971,272.47309952473745,125
767,41094,287.5041590158104,123
768,41203,235.20280033905482,109
769,41310,231.206978230447,107
770,41399,184.87431304446685,89
771,41507,244.93243945742583,108
772,41637,297.90932777460995,130
773,41763,295.84959389444015,126
774,41868,231.73444404156157,105
775,41993,304.239538812279,125
776,42104,251.0766262650202,111
777,42228,278.2611571299075,124
778,42340,259.20416840832866,112
779,42463,283.9233409281767,123
780,42554,189.94937136731969,91
781,42680,295.5652402926326,126
782,42786,234.70610696056724,106
783,42912,262.42526395433896,126
784,43068,287.7568328955735,156
785,43185,279.4505184756649,117
786,43308,292.04145680849274,123
787,43406,215.19388398943528,98
788,43525,284.49662727131835,119
789,43613,181.45101621469783,88
790,43731,276.0115078167942,118
791,43844,250.91369756673058,113
792,43953,246.89661205072775,109
793,44055,226.05448977786753,102
794,44165,255.1817266204022,110
795,44288,288.8828866256025,123
796,44400,254.45851661648368,112
797,44527,277.17054939128883,127
798,44653,322.98807948499297,126
799,44756,235.8031755789095,103
800,44872,246.22389753999477,116
801,44978,248.888592496674,106
802,45086,241.28711752765898,108
803,45222,314.35802305081535,136
804,45358,326.54075964822044,136
805,45491,336.79590090082013,133
806,45625,326.0574110766183,134
807,45739,271.7976656374299,114
808,45865,298.31377416951227,126
809,45980,246.45778308513113,115
810,46099,257.8525999503545,119
811,46224,275.9190807758432,125
812,46344,286.62652037197137,120
813,46456,248.1712080340954,112
814,46576,285.3929516530613,120
815,46707,323.2569341433794,131
816,46829,298.72476834964726,122
817,46957,315.6576222849129,128
818,47059,234.56851414223104,102
819,47197,318.6659661312503,138
820,47307,247.23096849276388,110
821,47443,308.5919564310597,136
822,47573,309.1008720088796,130
823,47703,316.5766892334182,130
824,47828,277.3207040388097,125
825,47949,286.99985728956284,121
826,48075,303.897405765256,126
827,48209,314.5727346858885,134
828,48334,291.80681525030093,125
829,48464,293.48673898775786,130
830,48592,306.714088615845,128
831,48691,208.5148063194173,99
832,48818,305.877410019928,127
833,48947,311.44484996711844,129
834,49076,299.71318014502015,129
835,49185,237.95897227905343,109
836,49306,299.0551325184938,121
837,49442,295.7840358056462,136
838,49547,244.39576602845221,105
839,49679,326.8446014431133,132
840,49765,172.20273946721085,86
841,49901,320.66582583077934,136
842,49998,211.67082561261992,97
843,50129,304.62756963677003,131
844,50254,295.84106615177865,125
845,50382,317.87758700834894,128
846,50520,332.10144602848777,138
847,50639,286.16670834355904,119
848,50792,342.83029299038503,153
849,50890,218.2211456077025,98
850,51014,297.5118280984194,124
851,51146,307.79785463094737,132
852,51268,273.59032540257,122
853,51406,305.10503087167626,138
854,51541,341.91097472090206,135
855,51670,310.24211244028817,129
856,51795,294.64315579341707,125
857,51911,273.6942018692012,116
858,52034,293.3952748915562,123
859,52176,333.8874896583995,142
860,52300,290.6887398880637,124
861,52430,306.62941060196727,130
862,52555,292.3152686670555,125
863,52682,315.4549763289297,127
864,52819,303.2980804833366,137
865,52964,341.64923411420307,145
866,53091,297.5205900916919,127
867,53216,309.01232991832194,125
868,53346,333.3100449221337,130
869,53471,304.2579062023098,125
870,53604,312.50919452339053,133
871,53727,290.413674308593,123
872,53867,345.90719772176493,140
873,53994,308.21326415356714,127
874,54133,340.90751312432894,139
875,54265,313.80435771556415,132
876,54395,333.166249780973,130
877,54533,341.80487261919785,138
878,54660,305.6656060442628,127
879,54782,302.2121925456449,122
880,54925,342.203272932387,143
881,55052,304.5750128898723,127
882,55175,312.9434803187569,123
883,55302,307.9684912765288,127
884,55420,298.1275168963746,118
885,55556,331.61769436712746,136
886,55685,319.1530336276379,129
887,55814,313.8643363329289,129
888,55945,336.1399170015914,131
889,56079,352.1690526143201,134
890,56221,338.9907884754123,142
891,56352,325.2777821369785,131
892,56460,253.75064079396645,108
893,56592,307.3325279953133,132
894,56717,311.04650165412903,125
895,56860,348.1519722530777,143
896,56978,290.8166821587006,118
897,57109,309.3764555292304,131
898,57231,293.72530484436345,122
899,57367,359.9011273279332,136
900,57490,304.9210039989466,123
901,57627,354.16024048930177,137
902,57734,244.154349861884,107
903,57819,173.72396084229499,85
904,57952,347.01001995340755,133
905,58083,314.4200326562958,131
906,58221,328.36783549241545,138
907,58355,330.1360560399121,134
908,58493,341.2650724783585,138
909,58628,328.836480164755,135
910,58769,348.89658904359925,141
911,58915,381.7897728465053,146
912,59045,318.0527438109435,130
913,59188,360.38894626052473,143
914,59328,332.0089929906307,140
915,59459,317.41206115110526,131
916,59599,329.933080180882,140
917,59738,333.84477581744903,139
918,59877,356.4656085751987,139
919,60013,347.3621331161424,136
920,60154,370.4363825510012,141
921,60302,357.5488843540636,148
922,60444,360.00230829984787,142
923,60578,339.80389560311505,134
924,60721,339.3256318021277,143
925,60854,314.4190597509606,133
926,60994,344.60628800903913,140
927,61134,350.5104451447843,140
928,61269,278.81811031394193,135
929,61409,344.6507876782503,140
930,61546,330.6707895735259,137
931,61686,356.50960943526894,140
932,61819,331.85731314952307,133
933,61960,343.66119437726996,141
934,62088,287.72951338320655,128
935,62228,350.21686158028655,140
936,62364,339.84653645621165,136
937,62493,311.4482252780288,129
938,62625,343.3264156470444,132
939,62768,386.0171748494188,143
940,62909,343.838981922297,141
941,63052,383.1794472661969,143
942,63201,376.3543626533469,149
943,63354,371.19821249549267,153
944,63482,324.61490526900906,128
945,63622,332.87460196254744,140
946,63752,314.250687874914,130
947,63945,549.4788232158576,193
948,64091,381.116020976495,146
949,64229,354.7168706295519,138
950,64416,516.7773673122257,187
951,64565,397.15248608679036,149
952,64699,346.099076744583,134
953,64843,355.63443216711516,144
954,64983,346.7741780830708,140
955,65187,549.6352528885631,204
956,65371,525.8413497815976,184
957,65516,375.88151385088366,145
958,65634,292.4850698280182,118
959,65766,332.45948467496595,132
960,65898,327.1417866008345,132
961,66038,352.4156644509058,140
962,66171,329.00340951739247,133
963,66307,343.67359494836535,136
964,66442,356.04993224246374,135
965,66537,203.11318916558415,95
966,66674,320.0777544804424,137
967,66812,343.9122153739157,138
968,66949,349.31603065822225,137
969,67037,176.51492169235866,88
970,67254,565.9551646568682,217
971,67382,326.6941136484746,128
972,67524,359.25358895549084,142
973,67666,362.03104692051295,142
974,67799,345.6118930921747,133
975,67951,393.5636350202335,152
976,68085,353.54521389741836,134
977,68218,339.2099158571227,133
978,68356,313.46703681083557,138
979,68538,536.0072578323092,182
980,68682,370.53543170807944,144
981,68825,347.8541443780353,143
982,68983,403.1169279506074,158
983,69128,376.4761933703068,145
984,69326,538.5652655639951,198
985,69477,376.94385322364116,151
986,69624,371.2352162480767,147
987,69816,555.3478254038926,192
988,70008,552.5484832331126,192
989,70160,409.77919621789766,152
990,70300,353.3236722701329,140
991,70446,362.78967620531535,146
992,70702,750.3976904121776,256
993,70841,350.1471482842602,139
994,70988,379.354865385633,147
995,71194,541.9234065231674,206
996,71334,337.20201074772467,140
997,71473,372.9458831137275,139
998,71618,370.0486822323469,145
999,71768,389.05134520672937,150
1000,71964,592.6696208971599,196
1001,72097,354.61247038292134,133
1002,72248,408.70247087736124,151
1003,72421,493.8872774777168,173
1004,72560,353.1478823059114,139
1005,72750,543.700385683875,190
1006,72899,379.6808901412596,149
1007,73008,256.5921278046803,109
1008,73154,345.2431847901528,146
1009,73296,384.86472060843954,142
1010,73443,382.10760515852934,147
1011,73585,364.4784021923537,142
1012,73790,595.796656728391,205
1013,73987,551.8112415675197,197
1014,74157,497.7951000202744,170
1015,74335,525.7201992833391,178
1016,74479,385.2705891901175,144
1017,74614,335.514242880817,135
1018,74817,592.1134195310286,203
1019,74990,495.7371493490193,173
1020,75189,620.2624456356002,199
1021,75392,599.736580794464,203
1022,75615,648.9340814523064,223
1023,75764,406.55442873261137,149
1024,75932,460.5868973089231,168
1025,76077,370.0980604834901,145
1026,76215,372.2291316346472,138
1027,76341,319.26641714565824,126
1028,76482,365.00068956782826,141
1029,76621,358.4126932514776,139
1030,76770,418.50405142998176,149
1031,76917,402.55227621734895,147
1032,77063,387.00781560250863,146
1033,77260,585.6350230363918,197
1034,77396,359.39297245221917,136
1035,77490,207.0906750857326,94
1036,77636,381.39318738863795,146
1037,77805,491.00377942501717,169
1038,77968,476.2760752383763,163
1039,78111,395.1165003567741,143
1040,78297,563.8059529229769,186
1041,78503,624.1505762827625,206
1042,78664,471.60535091762256,161
1043,78818,437.3047604054748,154
1044,78959,367.1126846545666,141
1045,79135,538.0308210437485,176
1046,79295,455.232258523287,160
1047,79389,214.26549376842166,94
1048,79530,401.28367154763373,141
1049,79631,219.0234645542811,101
1050,79767,358.7702078806983,136
1051,79961,586.7101043367365,194
1052,80107,349.5192552598714,146
1053,80318,628.7287887860429,211
1054,80499,543.2518719381281,181
1055,80688,547.1423186428126,189
1056,80941,779.3972589059005,253
1057,81154,598.0490840378801,213
1058,81341,572.6287071738102,187
1059,81483,367.23741224933474,142
1060,81627,403.78188165785383,144
1061,81772,377.25359127642474,145
1062,81922,427.17441610893053,150
1063,82116,583.8870554293205,194
1064,82320,625.1770931077311,204
1065,82529,639.3654588275032,209
1066,82744,668.1278862194669,215
1067,82951,616.0878274145159,207
1068,83170,491.12078785002143,219
1069,83333,473.12671371049134,163
1070,83541,627.0548818063286,208
1071,83732,571.4796899687436,191
1072,83922,566.651148483291,190
1073,84110,583.854220232634,188
1074,84247,373.6655552177396,137
1075,84445,606.1515691568645,198
1076,84665,664.3329636285856,220
1077,84788,244.77026222767674,123
1078,85008,632.5416868592234,220
1079,85224,661.3968720327964,216
1080,85407,520.2164830458254,183
1081,85427,20.473517254161212,20
1082,85626,592.2232718371488,199
1083,85771,342.7653610246845,145
1084,86068,919.2398807696349,297
1085,86235,505.62537508697704,167
1086,86438,601.6641711182135,203
1087,86559,245.83542773000113,121
1088,86861,929.0518946519646,302
1089,87063,623.899007080089,202
1090,87219,380.1904951179354,156
1091,87440,693.0779315133378,221
1092,87672,713.2749469305606,232
1093,87885,628.8844835567304,213
1094,88150,835.5585767568964,265
1095,88328,446.0857590058047,178
1096,88579,760.2414713309232,251
1097,88710,271.0298813809065,131
1098,88933,645.7442637932293,223
1099,89148,627.8266020647653,215
1100,89393,711.7870610242569,245
1101,89611,661.5301733882983,218
1102,89838,660.522377197497,227
1103,89859,21.289053840866977,21
1104,90045,545.6623403656536,186
1105,90251,647.0345550908162,206
1106,90383,249.4154911356419,132
1107,90515,254.45866799221042,132
1108,90737,677.6050634373267,222
1109,90856,217.60022330116723,119
1110,91072,535.7614246046093,216
1111,91240,464.9831614574999,168
1112,91436,604.8719072395539,196
1113,91686,782.2976569818264,250
1114,91897,627.4829157062646,211
1115,92015,232.9313660899346,118
1116,92247,701.7434524095156,232
1117,92555,875.466745074865,308
1118,92776,660.634110330983,221
1119,92976,592.2018154726346,200
1120,93095,242.44292706442243,119
1121,93312,656.6229582603005,217
1122,93485,517.8968338606995,173
1123,93670,548.9010878131356,185
1124,93771,210.47585406043453,101
1125,93987,655.9839746645922,216
1126,94127,321.17596928971886,140
1127,94345,639.622026717975,218
1128,94579,704.3099891426771,234
1129,94830,773.6368162358619,251
1130,95030,616.3212772467915,200
1131,95231,561.058779442579,201
1132,95435,615.2076839190014,204
1133,95636,561.6101769599708,201
1134,95841,628.182708804559,205
1135,96013,487.80037634997797,172
1136,96240,692.9456742799508,227
1137,96430,588.373539336431,190
1138,96648,653.3536600429617,218
1139,96898,739.119228502299,250
1140,97170,808.1488387874374,272
1141,97364,585.76503379705,194
1142,97658,798.7721173429359,294
1143,97850,581.07061111549,192
1144,98058,627.5037571674313,208
1145,98257,603.3941202751334,199
1146,98517,786.3053099023693,260
1147,98703,567.8733702788116,186
1148,98910,653.2673781799862,207
1149,99057,429.5083774695692,147
1150,99369,977.0021143471772,312
1151,99544,497.5136171789959,175
1152,99760,654.6365989411815,216
1153,99989,682.8052066659187,229
1154,100138,430.0277448433066,149
1155,100283,399.69322063656745,145
1156,100512,653.0926543735933,229
1157,100659,404.1418482011066,147
1158,100870,635.0774010068187,211
1159,101071,611.2879344212294,201
1160,101243,495.07343488198836,172
1161,101387,385.1576380337216,144
1162,101551,484.0931140198524,164
1163,101770,667.8597214743513,219
1164,101916,385.63755170691763,146
1165,102079,460.21660757230677,163
1166,102220,398.5182542801224,141
1167,102425,621.594383124668,205
1168,102601,532.1516484704447,176
1169,102802,616.6732949290848,201
1170,103022,683.598130210363,220
1171,103239,655.3197145776846,217
1172,103456,651.7661744959103,217
1173,103627,504.0930772131362,171
1174,103837,649.5064089690773,210
1175,103992,417.6699424392913,155
1176,104198,615.8366448849498,206
1177,104346,384.995705058737,148
1178,104534,558.4096227092792,188
1179,104623,198.8749135348299,89
1180,104840,662.3370002485592,217
1181,104994,443.26687798634424,154
1182,105294,952.8187682410057,300
1183,105586,847.2305447244746,292
1184,105753,472.7421290805563,167
1185,105986,697.8937858711255,233
1186,106158,499.3710065661732,172
1187,106315,421.6591896272881,157
1188,106523,650.3143441211769,208
1189,106836,938.8553678149292,313
1190,106976,365.5815884307648,140
1191,107210,729.8889333909837,234
1192,107447,733.8767727738419,237
1193,107758,986.1939974467093,311
1194,108022,813.5435080771598,264
1195,108191,512.5448702535492,169
1196,108411,684.2899800481513,220
1197,108592,534.679616747978,181
1198,108811,664.471123839406,219
1199,109034,691.2186261209557,223
1200,109247,658.2222383552178,213
1201,109492,774.1552994509441,245
1202,109815,985.6849041040414,323
1203,110127,961.6577032188464,312
1204,110344,660.8819275776589,217
1205,110610,832.2938164027133,266
1206,110798,573.5526833889154,188
1207,111040,722.6746369044723,242
1208,111414,1163.3507715120452,374
1209,111631,670.2414656080243,217
1210,111861,713.5563399893492,230
1211,112055,587.9737703944987,194
1212,112290,721.1792155759075,235
1213,112415,234.46222462816726,125
1214,112593,529.1830178579348,178
1215,112812,670.1147449282864,219
1216,113028,660.1329191450936,216
1217,113239,647.3402035012773,211
1218,113560,1005.1120686764588,321
1219,113784,683.6473304604369,224
1220,114048,848.8870778823033,264
1221,114273,683.3890858514657,225
1222,114505,723.7776785467388,232
1223,114757,808.0230853711317,252
1224,114948,557.0286360360208,191
1225,115035,183.68654825735152,87
1226,115173,298.9611372515731,138
1227,115392,658.1972836730679,219
1228,115643,805.5828424362442,251
1229,115853,635.3966523178009,210
1230,116123,866.7466935620453,270
1231,116339,684.2676123306553,216
1232,116541,629.815124078879,202
1233,116771,721.0772855167817,230
1234,117019,767.1364714348083,248
1235,117247,704.7147089196651,228
1236,117495,756.6148286501985,248
1237,117633,314.3337453146449,138
1238,117853,681.2447859286146,220
1239,118080,671.2972852264842,227
1240,118221,309.5700275129633,141
1241,118352,275.63437285520513,131
1242,118490,312.9956195792243,138
1243,118711,668.1255042840978,221
1244,118937,689.8220529006512,226
1245,119184,771.5256051324598,247
1246,119413,692.1685817534996,229
1247,119654,750.8032434551461,241
1248,119869,677.2217470896074,215
1249,120105,736.5492577575245,236
1250,120333,713.9934286816786,228
1251,120582,794.1185970042416,249
1252,120716,290.03979228713547,134
1253,121141,1356.033101372242,425
1254,121375,711.6041482038959,234
1255,121496,290.1025618527019,121
1256,121766,871.8993790294205,270
1257,121983,682.9701794385238,217
1258,122233,781.5961620461271,250
1259,122471,711.9298013196209,238
1260,122665,531.6931809800501,194
1261,122897,718.2869041887077,232
1262,123132,740.6009374136514,235
1263,123218,177.9810469775142,86
1264,123420,633.8558774952933,202
1265,123630,658.8402611981563,210
1266,123847,681.3785430317691,217
1267,123990,403.62558556524357,143
1268,124198,637.4602556883347,208
1269,124404,647.3416215123059,206
1270,124655,807.2674227492186,251
1271,124861,642.183710172344,206
1272,125089,695.51881589027,228
1273,125306,669.4107456111988,217
1274,125529,674.7860628724766,223
1275,125740,625.8953301125744,211
1276,125981,733.8141170927751,241
1277,126186,599.9490949522731,205
1278,126354,480.06649401820545,168
1279,126566,668.7987615107922,212
1280,126757,547.8685116504232,191
1281,126972,651.8877633268237,215
1282,127251,902.6907731785789,279
1283,127499,781.3600382854077,248
1284,127693,620.4252608898939,194
1285,128012,936.2657962568516,319
1286,128219,625.5181143154363,207
1287,128436,672.8453988005582,217
1288,128668,710.0715646684232,232
1289,128919,799.1782554537754,251
1290,129151,724.6876879034835,232
1291,129567,1248.3994781601107,416
1292,129811,757.9793213823548,244
1293,130058,776.2837576687331,247
1294,130378,1008.9833252328281,320
1295,130762,1194.362556650337,384
1296,131151,1217.102203146802,389
1297,131527,1221.8500983031142,376
1298,131861,1074.1234858650455,334
1299,132081,683.6498957651887,220
1300,132221,290.85921227614136,140
1301,132506,906.643275388538,285
1302,132738,730.253511089163,232
1303,132998,821.8088575428619,260
1304,133293,934.5285336861988,295
1305,133541,801.4976103622378,248
1306,133847,993.1801289888152,306
1307,134065,658.2599425924782,218
1308,134319,790.5065073622825,254
1309,134539,683.7542698734466,220
1310,134700,471.7979623256766,161
1311,134867,496.6213224969176,167
1312,135175,975.2853069854984,308
1313,135415,724.2794967758994,240
1314,135647,705.5803657663125,232
1315,135793,356.7369883125294,146
1316,135948,434.6996247463006,155
1317,136237,927.9006529770023,289
1318,136588,1021.7691013113014,351
1319,136804,663.7731701853769,216
1320,137024,692.1213681519619,220
1321,137254,661.770261973711,230
1322,137398,352.59264969718544,144
1323,137578,531.6607380833977,180
1324,137643,121.9868196021697,65
1325,137781,318.89236154957877,138
1326,137989,650.8933751538696,208
1327,138277,922.4305430017372,288
1328,138501,701.9756018567448,224
1329,138725,688.2608482764831,224
1330,138926,619.1430135343135,201
1331,139143,680.5596874381381,217
1332,139288,372.9038902216236,145
1333,139540,808.7291546426142,252
1334,139798,827.2426138877637,258
1335,140013,660.9374891062369,215
1336,140219,642.1270532585548,206
1337,140449,714.3918116737833,230
1338,140640,594.4342823470462,191
1339,140919,884.7329585346486,279
1340,141190,868.7348303124719,271
1341,141417,706.5822957365733,227
1342,141634,687.6555055967366,217
1343,141864,722.9791709130008,230
1344,142005,377.15881191793306,141
1345,142189,554.0604140160285,184
1346,142348,460.94742007165195,159
1347,142577,690.6899208904177,229
1348,142792,659.6223802391517,215
1349,143049,820.4495768789654,257
1350,143357,966.0695160081511,308
1351,143497,370.86290718464716,140
1352,143814,995.9634115944555,317
1353,144029,657.481260484019,215
1354,144251,681.2790181278824,222
1355,144453,643.3714508130466,202
1356,144674,684.7765058033339,221
1357,144922,799.9310848420258,248
1358,145188,853.7069098642883,266
1359,145374,591.3275435323884,186
1360,145610,753.509032127878,236
1361,145943,1058.698232037586,333
1362,146175,732.6579040036462,232
1363,146505,995.8806627479688,330
1364,146711,598.1032052893702,206
1365,147079,1099.4804919591497,368
1366,147294,670.7807532407539,215
1367,147518,687.3364276740338,224
1368,147798,872.3364716654817,280
1369,148004,630.8930527487295,206
1370,148290,921.897996067989,286
1371,148505,652.4177394504651,215
1372,148738,726.9178062361096,233
1373,149023,873.0483623625045,285
1374,149308,920.5259167316912,285
1375,149399,196.84206438400622,91
1376,149617,681.5635781744306,218
1377,149747,267.7180349513903,130
1378,149966,698.6623622727612,219
